id,material,weight,cost,co2_emission,durability,recyclable,co2_impact_index,cost_efficiency_index,sustainability_score
1,Recycled Cardboard,44.55,3.95,0.841,7,0,0.5614152202937249,0.09538620511495739,0.4087672452158434
2,Corn Starch Polymer,42.85,4.91,0.702,1,0,0.4686248331108144,0.00012469346190614565,0.24588340008900758
3,Recycled Cardboard,38.48,4.22,0.931,8,0,0.6214953271028038,0.10289196247219269,0.41806853582554515
4,Recycled Paperboard,10.84,1.34,0.837,8,1,0.5587449933244325,0.3503502893694792,0.7431686693368937
5,Recycled Paperboard,20.44,3.93,1.054,1,1,0.7036048064085447,0.003209222620345848,0.45189141076991546
6,Biodegradable Plastic,47.69,1.35,1.163,6,1,0.7763684913217623,0.25768707482993203,0.589452603471295
7,PLA Bioplastic,53.96,2.03,0.589,3,1,0.3931909212283044,0.07751080727857648,0.6427236315086782
8,Bagasse Fiber,33.08,3.24,0.57,9,0,0.3805073431241655,0.15646258503401364,0.5477970627503338
9,Molded Pulp,44.36,3.6,0.862,3,1,0.57543391188251,0.03836734693877551,0.5698264352469959
10,Aluminum,9.28,2.25,1.469,1,0,0.9806408544726303,0.014748299319727893,0.041076991544281224
11,Recycled Cardboard,38.84,1.71,0.73,3,0,0.48731642189586116,0.09430719656283569,0.30507343124165553
12,Molded Pulp,51.08,4.75,0.243,8,0,0.16221628838451269,0.0900451127819549,0.6017801513128616
13,Aluminum,43.28,1.87,1.454,7,1,0.9706275033377837,0.2151042235075849,0.5450823319982199
14,Molded Pulp,35.53,3.13,0.324,1,0,0.2162883845126836,0.00715915759274956,0.3468179795282599
15,Aluminum,52.37,2.41,0.909,2,0,0.6068090787716957,0.038157337623846224,0.2239430351579884
16,PLA Bioplastic,45.99,2.04,1.166,6,1,0.7783711615487315,0.16638655462184876,0.5886515353805074
17,PLA Bioplastic,19.55,2.38,0.658,8,1,0.4392523364485981,0.19190533356199627,0.7909657320872274
18,Biodegradable Plastic,59.99,3.92,1.297,1,0,0.8658210947930574,0.003248646397334444,0.0870048954161104
19,PLA Bioplastic,36.56,4.38,0.764,9,0,0.5100133511348465,0.11255241822756504,0.4959946595460614
20,Recycled Paperboard,40.15,2.82,0.748,6,0,0.4993324432576769,0.11697785497177597,0.40026702269692926
21,Bagasse Fiber,31.93,1.81,0.342,8,1,0.22830440587449935,0.2561957379636939,0.8753449043168668
22,PLA Bioplastic,53.92,1.47,0.982,9,1,0.6555407209612817,0.35960016659725125,0.7377837116154873
23,Bagasse Fiber,53.1,4.81,0.231,9,1,0.15420560747663553,0.10139590139590142,0.9383177570093457
24,Biodegradable Plastic,51.63,4.99,1.188,9,1,0.7930574098798397,0.09729663408449554,0.6827770360480641
25,Recycled Paperboard,40.62,2.97,0.516,5,0,0.3444592790387183,0.09000206143063287,0.42888295505117935
26,Biodegradable Plastic,37.21,3.86,0.439,4,1,0.2930574098798398,0.050692608649677506,0.7161103693813974
27,Corn Starch Polymer,20.49,3.81,0.289,4,0,0.19292389853137515,0.05151856017997751,0.45616377392078333
28,Corn Starch Polymer,59.54,1.85,1.343,1,1,0.8965287049399199,0.02058466629895201,0.37472185135736535
29,Glass,48.98,4.36,1.453,1,0,0.9699599465954607,0.0016850777008050911,0.04534935469514906
30,Corn Starch Polymer,32.59,2.04,0.174,4,1,0.11615487316421895,0.10684273709483795,0.7868713840676458
31,PLA Bioplastic,47.48,4.07,0.422,8,1,0.2817089452603471,0.10713533570676428,0.8539830885625277
32,Glass,11.84,2.63,0.573,5,0,0.3825100133511348,0.10322029952665479,0.41366266132621277
33,Bagasse Fiber,55.66,1.66,0.983,9,0,0.6562082777036048,0.3170395869191051,0.4375166889185581
34,Recycled Cardboard,7.47,0.93,0.453,4,0,0.30240320427236317,0.24897959183673476,0.41237205162438806
35,Biodegradable Plastic,17.57,0.98,0.534,6,1,0.35647530040053405,0.35960016659725125,0.7574098798397864
36,Glass,51.34,1.68,0.766,4,0,0.5113484646194927,0.13236151603498544,0.32879394748553625
37,Aluminum,21.81,2.28,0.441,2,1,0.29439252336448596,0.041031149301826005,0.6489096573208722
38,Corn Starch Polymer,31.64,3.83,0.755,9,1,0.5040053404539386,0.13047370384185006,0.7983978638184246
39,Biodegradable Plastic,40.75,1.93,0.838,8,0,0.5594125500667556,0.23950512847626104,0.44290164663996445
40,Aluminum,12.92,2.73,0.057,1,1,0.038050734312416554,0.01000224265530388,0.7181130396083667
41,Recycled Paperboard,21.82,4.35,0.547,7,0,0.36515353805073436,0.0854890921885996,0.4872719181130396
42,Glass,53.78,4.96,0.469,1,0,0.3130841121495327,0.0,0.30809968847352026
43,Molded Pulp,53.78,0.71,0.284,1,0,0.18958611481975965,0.07329692440356426,0.3574988874054295
44,Recycled Paperboard,33.34,0.95,0.342,8,0,0.22830440587449935,0.49920515574650925,0.5753449043168669
45,Aluminum,19.69,1.52,1.015,2,0,0.6775700934579438,0.06766917293233085,0.19563862928348913
46,Molded Pulp,53.42,2.11,1.299,9,1,0.8671562082777036,0.2468130380114132,0.6531375166889186
47,PLA Bioplastic,32.39,1.14,1.259,8,0,0.8404539385847797,0.41396348012889383,0.3304850912327548
48,PLA Bioplastic,23.34,4.03,0.567,6,1,0.37850467289719625,0.07817896389324962,0.7485981308411215
49,Corn Starch Polymer,54.21,2.18,0.782,9,0,0.5220293724966623,0.23849466392061414,0.4911882510013351
50,Bagasse Fiber,16.25,0.78,0.634,4,0,0.4232309746328438,0.2992150706436421,0.36404094348019583
51,Glass,50.08,3.76,1.289,2,0,0.8604806408544726,0.02006079027355623,0.12247441032487762
52,PLA Bioplastic,51.14,2.07,1.451,8,1,0.9686248331108145,0.2224785566400474,0.5792167334223408
53,PLA Bioplastic,33.75,2.7,1.11,7,1,0.7409879839786383,0.1452154195011338,0.6369381397418781
54,Aluminum,13.91,3.68,0.941,8,1,0.6281708945260347,0.11978704525288378,0.7153983088562528
55,Recycled Cardboard,57.19,2.94,0.624,1,1,0.4165554072096128,0.008413161182840483,0.5667111704494882
56,Glass,8.27,1.62,0.441,1,0,0.29439252336448596,0.02524565381708239,0.31557632398753893
57,Bagasse Fiber,53.76,3.89,0.86,8,0,0.5740987983978638,0.11265935680184672,0.4370271473075211
58,Corn Starch Polymer,36.59,2.42,1.098,6,0,0.732977303070761,0.13833698768763708,0.3068090787716956
59,Recycled Paperboard,25.84,4.73,1.467,6,0,0.9793057409879841,0.06479699702291065,0.20827770360480635
60,Molded Pulp,40.25,4.85,1.052,1,1,0.7022696929238985,0.0002777193351567433,0.45242545616377394
61,PLA Bioplastic,12.03,0.64,0.499,2,0,0.33311081441922563,0.1775510204081633,0.33342234089897643
62,PLA Bioplastic,27.37,2.65,0.302,7,0,0.20160213618157544,0.14818636888717757,0.5526924788607033
63,PLA Bioplastic,24.6,0.87,0.23,4,1,0.15353805073431243,0.2669950738916257,0.7719181130396083
64,Glass,13.31,2.4,1.385,1,1,0.92456608811749,0.013061224489795922,0.36350689808633735
65,Recycled Paperboard,52.11,1.18,1.379,7,0,0.9205607476635514,0.3480456589415428,0.26510903426791277
66,Corn Starch Polymer,10.61,3.01,1.392,3,0,0.9292389853137516,0.04828801952674759,0.12830440587449934
67,PLA Bioplastic,57.42,3.49,0.141,4,1,0.09412550066755673,0.057365066370387706,0.7956831330663106
68,PLA Bioplastic,14.17,4.77,0.216,7,1,0.14419225634178906,0.07688358362212812,0.8756564307966177
69,Biodegradable Plastic,29.17,2.02,0.069,4,1,0.04606141522029373,0.10802182259042233,0.8149087672452158
70,Biodegradable Plastic,13.82,2.79,1.41,7,0,0.9412550066755674,0.14013605442176874,0.25683133066310637
71,Glass,53.36,4.44,1.485,3,0,0.9913217623497999,0.02879205736348594,0.10347129506008006
72,Recycled Paperboard,31.31,1.63,1.474,1,0,0.9839786381842457,0.025015650431951926,0.039741878059635055
73,Corn Starch Polymer,26.95,3.42,0.898,6,0,0.5994659546061415,0.09430719656283569,0.3602136181575434
74,Bagasse Fiber,20.15,1.24,0.183,8,0,0.12216288384512683,0.37959183673469404,0.6178015131286159
75,Aluminum,7.84,2.09,0.512,7,1,0.3417890520694259,0.19117273703739873,0.7966177125055629
76,Recycled Cardboard,12.63,4.06,0.262,3,0,0.17489986648865155,0.0326329546596964,0.4300400534045394
77,Bagasse Fiber,47.83,0.69,0.95,6,0,0.6341789052069425,0.5158828748890862,0.346328437917223
78,Molded Pulp,14.79,3.35,1.427,6,1,0.9526034712950601,0.09653365823941519,0.518958611481976
79,Recycled Cardboard,37.09,3.94,1.008,2,1,0.6728971962616822,0.018584895887288927,0.49750778816199376
80,PLA Bioplastic,56.05,4.17,0.775,5,0,0.5173564753004005,0.06057847599471445,0.35972407654650645
81,Corn Starch Polymer,10.92,2.54,0.55,1,0,0.3671562082777036,0.011666398843001767,0.2864708500222519
82,Aluminum,29.9,3.7,0.781,4,0,0.5213618157543392,0.0534142305570877,0.3247886070315977
83,Aluminum,13.58,1.23,0.967,4,0,0.6455273698264352,0.1852663016426083,0.27512238540275924
84,PLA Bioplastic,21.73,3.28,0.625,6,0,0.4172229639519359,0.09885515181682432,0.4331108144192256
85,PLA Bioplastic,47.03,4.42,1.391,4,0,0.9285714285714286,0.04271862591190323,0.16190476190476188
86,Aluminum,39.48,4.47,1.276,5,1,0.8518024032042724,0.05569100123270786,0.5259457053849577
87,Recycled Paperboard,44.11,2.43,0.82,4,0,0.5473965287049399,0.08772990677752583,0.3143747218513574
88,Molded Pulp,15.64,1.73,1.269,1,0,0.8471295060080106,0.02286186150760883,0.09448153093012909
89,Recycled Paperboard,8.76,4.32,0.192,4,0,0.12817089452603472,0.04399092970521542,0.4820649755229195
90,PLA Bioplastic,53.38,1.64,1.126,9,1,0.7516688918558077,0.32105525136884033,0.6993324432576769
91,Biodegradable Plastic,22.59,0.88,0.328,1,1,0.21895861148197598,0.0567717996289425,0.645749888740543
92,PLA Bioplastic,38.25,2.49,0.633,8,0,0.4225634178905207,0.18288664863535778,0.49764129951045843
93,Corn Starch Polymer,57.54,2.82,0.348,7,0,0.2323097463284379,0.13851498046026925,0.5404094348019581
94,Aluminum,27.87,0.79,0.511,6,0,0.3411214953271028,0.4490312580728495,0.4635514018691589
95,Recycled Paperboard,15.77,2.55,0.149,1,0,0.09946595460614152,0.011572629051620653,0.39354695149087676
96,Biodegradable Plastic,14.13,1.8,0.562,2,1,0.37516688918558083,0.05523809523809525,0.6165999109924343
97,Corn Starch Polymer,39.36,2.8,1.45,5,1,0.9679572763684913,0.09620991253644318,0.4794837561192702
98,Molded Pulp,8.1,2.33,0.056,7,0,0.03738317757009346,0.17021984759569067,0.618380062305296
99,Glass,23.07,4.84,1.067,8,1,0.712283044058745,0.08814302580536348,0.6817534490431687
100,Biodegradable Plastic,58.92,2.87,0.542,6,1,0.36181575433911883,0.11472658749911117,0.7552736982643524
101,Molded Pulp,47.44,1.28,0.529,6,0,0.3531375166889186,0.27244897959183684,0.4587449933244325
102,PLA Bioplastic,16.51,2.15,0.984,7,0,0.6568758344459279,0.18549596582819178,0.3705829995549622
103,Molded Pulp,37.19,2.1,1.332,6,1,0.8891855807743658,0.16128279883381927,0.5443257676902536
104,Bagasse Fiber,29.19,2.31,0.255,5,1,0.17022696929238987,0.11921547839915189,0.7985758789497107
105,Recycled Paperboard,38.75,4.81,1.346,5,1,0.8985313751668892,0.05088887946030805,0.5072541165999109
106,Molded Pulp,22.6,4.9,1.104,1,1,0.7369826435246997,0.00014993752603081819,0.43854027592345346
107,Bagasse Fiber,11.15,4.74,0.688,9,1,0.459279038718291,0.1030741410488246,0.8162883845126836
108,Bagasse Fiber,22.22,3.68,1.402,2,1,0.9359145527369825,0.020763087843833187,0.3923008455718736
109,Molded Pulp,59.67,0.63,1.231,4,0,0.8217623497997331,0.37337220602526733,0.2046283934134401
110,PLA Bioplastic,14.12,2.34,0.583,4,0,0.38918558077436577,0.0915750915750916,0.377659101023587
111,PLA Bioplastic,30.46,4.69,0.185,1,0,0.12349799732977303,0.0007049301596971397,0.3839341344014241
112,Recycled Paperboard,39.95,4.22,0.651,1,1,0.43457943925233644,0.002147209594738369,0.5595015576323987
113,Bagasse Fiber,7.04,3.47,1.159,1,0,0.77369826435247,0.005257895665470799,0.12385402759234532
114,Recycled Cardboard,18.93,1.67,0.337,5,0,0.22496662216288385,0.16959550287180744,0.47668001780151315
115,Biodegradable Plastic,52.86,2.77,0.958,7,0,0.6395193591455274,0.1412362779046637,0.3775255896751224
116,Aluminum,12.68,3.55,0.535,7,1,0.35714285714285715,0.10751365334866343,0.7904761904761906
117,Bagasse Fiber,5.99,3.24,1.287,4,1,0.8591455273698264,0.06273620559334846,0.4896751223854028
118,Recycled Paperboard,42.93,2.74,1.334,5,1,0.890520694259012,0.09858483539401162,0.5104583889630618
119,Bagasse Fiber,52.91,0.55,0.313,7,0,0.2089452603471295,0.7607421150278295,0.5497552291944816
120,Recycled Cardboard,24.55,2.62,0.743,8,0,0.4959946595460614,0.1732045489951706,0.4682688028482421
121,Biodegradable Plastic,26.82,1.7,0.353,9,0,0.2356475300400534,0.30929171668667477,0.6057409879839787
122,Molded Pulp,52.46,3.62,0.127,8,1,0.08477970627503338,0.12197542000225507,0.9327547841566532
123,Biodegradable Plastic,56.27,2.94,0.857,4,0,0.5720961281708945,0.07038733860891297,0.30449488206497555
124,Recycled Cardboard,29.79,4.04,0.288,4,0,0.19225634178905204,0.04788846231561932,0.4564307966177126
125,Aluminum,58.62,3.09,0.289,2,1,0.19292389853137515,0.027065583514959392,0.6894971072541166
126,Recycled Paperboard,43.39,3.65,0.599,3,1,0.39986648865153535,0.0376740285155158,0.6400534045393859
127,PLA Bioplastic,46.45,4.27,1.416,3,0,0.9452603471295059,0.03042584715384984,0.12189586114819763
128,Corn Starch Polymer,36.78,2.88,0.638,4,1,0.4259012016021362,0.07210884353741498,0.6629728526924789
129,Recycled Cardboard,12.4,4.78,0.659,6,1,0.43991989319092123,0.06399111946033645,0.7240320427236315
130,PLA Bioplastic,49.42,1.91,1.251,8,0,0.8351134846461948,0.2421412544075222,0.33262127280818876
131,Recycled Paperboard,10.76,3.88,0.16,1,0,0.1068090787716956,0.003408373658741849,0.39060970182465515
132,Glass,23.45,2.83,0.505,2,1,0.3371161548731642,0.03067714718396193,0.631820204717401
133,Biodegradable Plastic,36.04,0.86,0.099,6,1,0.06608811748998665,0.4114855244423352,0.8735647530040054
134,Aluminum,39.24,1.85,0.749,6,0,0.5,0.18473248758963046,0.4
135,Aluminum,30.2,3.31,0.628,8,0,0.4192256341789052,0.13454590295332636,0.49897641299510465
136,Bagasse Fiber,49.71,3.41,1.036,3,0,0.691588785046729,0.04118738404452691,0.22336448598130837
137,Corn Starch Polymer,18.65,0.82,0.303,8,0,0.20226969292389851,0.5802887008461923,0.5857587894971072
138,Corn Starch Polymer,28.25,2.29,0.734,9,1,0.48998664886515353,0.22645040548970685,0.8040053404539387
139,Molded Pulp,49.31,0.76,1.341,7,0,0.8951935914552737,0.5471535982814181,0.27525589675122386
140,PLA Bioplastic,35.15,2.8,1.227,4,0,0.8190921228304406,0.07451895043731781,0.20569648420115708
141,Recycled Cardboard,18.61,1.33,1.025,3,0,0.6842456608811749,0.1247506521405555,0.22630173564753003
142,Recycled Cardboard,5.59,3.85,0.794,6,0,0.5300400534045394,0.08240657301881794,0.38798397863818423
143,Aluminum,18.58,2.37,1.442,3,1,0.9626168224299065,0.06463446137948851,0.41495327102803736
144,Recycled Cardboard,18.74,1.92,0.799,7,1,0.5333778371161549,0.20918367346938782,0.7199821984868713
145,Corn Starch Polymer,38.87,3.4,0.982,6,0,0.6555407209612817,0.0949339735894358,0.3377837116154873
146,Recycled Cardboard,19.41,3.42,0.85,5,1,0.5674232309746329,0.07654851414249912,0.6396973742768135
147,Corn Starch Polymer,33.84,3.76,0.211,7,0,0.14085447263017356,0.10082501085540603,0.5769915442812639
148,Biodegradable Plastic,25.91,4.53,1.283,7,0,0.856475300400534,0.0816056223814029,0.29074321317311974
149,Biodegradable Plastic,6.98,2.21,0.434,1,0,0.2897196261682243,0.01523686397635978,0.3174454828660436
150,Corn Starch Polymer,51.4,2.62,1.431,4,0,0.9552736982643525,0.08047982551799346,0.15122385402759234
151,PLA Bioplastic,29.75,4.31,0.271,2,1,0.18090787716955942,0.015938254652208918,0.6943035157988429
152,Recycled Paperboard,58.71,4.39,1.032,9,0,0.6889185580774366,0.11226814188089818,0.42443257676902535
153,Glass,8.16,1.48,0.537,1,0,0.35847797062750336,0.02879205736348594,0.28994214508233196
154,Aluminum,13.97,3.31,0.964,5,1,0.6435246995994659,0.07949935261113511,0.6092567868268802
155,Molded Pulp,15.04,2.35,0.388,8,1,0.2590120160213618,0.19451150673035175,0.8630618602581219
156,Recycled Paperboard,34.77,3.16,0.059,3,1,0.03938584779706275,0.04541462154482046,0.7842456608811749
157,Glass,20.0,2.97,1.142,4,1,0.7623497997329772,0.06955266955266956,0.5283934134401425
158,Recycled Cardboard,32.13,1.84,1.389,1,0,0.9272363150867824,0.020763087843833187,0.06243880729862038
159,Biodegradable Plastic,45.37,4.07,1.459,1,0,0.9739652870493992,0.002677631249059819,0.043747218513573646
160,Molded Pulp,15.16,2.82,0.916,1,1,0.6114819759679573,0.009292227529309598,0.48874054294615044
161,Aluminum,55.64,1.69,1.051,5,0,0.7016021361815754,0.16744354546552354,0.2860258121940365
162,Glass,41.3,3.4,1.318,7,0,0.8798397863818425,0.11279711884753905,0.2813974187805964
163,Recycled Paperboard,42.95,3.47,1.128,7,0,0.7530040053404539,0.11027465741339765,0.3321317311971518
164,Bagasse Fiber,14.24,2.46,0.291,2,0,0.19425901201602136,0.03713290194126431,0.38896306186025814
165,Recycled Paperboard,42.72,2.45,1.126,6,0,0.7516688918558077,0.13649312786339027,0.29933244325767694
166,PLA Bioplastic,38.1,1.31,0.639,4,1,0.4265687583444593,0.1732045489951706,0.6627058299955496
167,Molded Pulp,41.02,3.43,1.107,5,0,0.7389853137516689,0.07628964122091986,0.2710725411659991
168,Corn Starch Polymer,33.47,4.61,1.309,7,1,0.8738317757009345,0.07997697994599143,0.5838006230529595
169,Glass,8.82,0.73,0.835,2,1,0.5574098798397864,0.1541515236231479,0.5437027147307522
170,Recycled Paperboard,31.06,3.8,1.207,4,1,0.8057409879839786,0.05168635875402793,0.5110369381397418
171,Corn Starch Polymer,31.66,1.98,0.727,6,1,0.48531375166889185,0.17179962894248613,0.7058744993324432
172,Aluminum,38.98,4.58,1.426,6,0,0.951935914552737,0.06732020319044649,0.2192256341789052
173,Molded Pulp,10.54,0.88,1.049,6,1,0.7002670226969292,0.4018552875695734,0.6198931909212283
174,Recycled Paperboard,6.55,0.75,1.107,9,1,0.7389853137516689,0.7165714285714287,0.7044058744993325
175,Glass,8.74,2.87,0.652,5,1,0.43524699599465955,0.09356467325606202,0.6925678682688028
176,Corn Starch Polymer,25.67,4.72,0.329,8,0,0.21962616822429906,0.09069526115530961,0.5788161993769471
177,Biodegradable Plastic,47.51,4.86,1.018,9,0,0.6795727636849133,0.10022675736961452,0.4281708945260347
178,Aluminum,27.39,1.55,0.743,2,0,0.4959946595460614,0.06612244897959185,0.2682688028482421
179,Glass,56.42,4.33,1.319,7,0,0.8805073431241656,0.08594051939482493,0.28113039608366713
180,Glass,34.3,3.46,1.267,7,0,0.8457943925233644,0.1106287601745901,0.29501557632398756
181,Bagasse Fiber,29.55,3.4,0.894,6,0,0.5967957276368492,0.0949339735894358,0.36128170894526035
182,PLA Bioplastic,23.09,4.35,0.157,1,1,0.1048064085447263,0.001717100633356792,0.6914107699154428
183,Glass,23.92,4.69,0.995,9,0,0.664218958611482,0.10430355511074366,0.4343124165554072
184,Recycled Cardboard,7.61,2.47,0.978,6,0,0.6528704939919893,0.13528877137899695,0.3388518024032043
185,Glass,29.67,0.74,1.091,9,1,0.7283044058744993,0.7264202978488695,0.7086782376502003
186,Molded Pulp,54.68,2.96,0.607,8,0,0.40520694259012013,0.1519029233314948,0.5045838896306186
187,Aluminum,53.48,1.41,0.947,7,1,0.6321762349799732,0.2892748588797222,0.6804628393413441
188,Aluminum,49.71,4.34,0.594,2,1,0.3965287049399199,0.015743440233236154,0.6080551846906987
189,Recycled Paperboard,57.81,3.75,1.238,8,1,0.8264352469959947,0.11732244897959186,0.6360925678682687
190,Glass,21.86,4.69,0.557,9,0,0.3718291054739653,0.10430355511074366,0.5512683578104138
191,Glass,56.05,2.68,0.699,4,0,0.4666221628838451,0.07840389887298203,0.34668446817979526
192,Corn Starch Polymer,7.47,4.66,0.851,4,1,0.568090787716956,0.03988788648506614,0.6060970182465509
193,Glass,24.81,4.5,0.546,9,1,0.36448598130841126,0.1092244897959184,0.8542056074766355
194,Recycled Cardboard,9.18,0.9,1.166,5,0,0.7783711615487315,0.325170068027211,0.25531820204717404
195,Bagasse Fiber,55.9,4.85,0.879,2,1,0.5867823765020027,0.012800336629497163,0.5319537160658656
196,PLA Bioplastic,23.59,1.1,0.436,8,1,0.2910547396528705,0.42946196660482383,0.8502447708055185
197,Recycled Cardboard,48.5,2.42,1.422,6,0,0.9492656875834445,0.13833698768763708,0.22029372496662217
198,Biodegradable Plastic,46.2,4.36,0.062,8,1,0.04138851802403204,0.09919490732072647,0.9501112594570538
199,PLA Bioplastic,30.62,2.54,0.95,9,0,0.6341789052069425,0.20295677326048533,0.446328437917223
200,Recycled Paperboard,9.53,1.08,0.464,1,1,0.3097463284379172,0.04399092970521542,0.6094348019581665
201,Molded Pulp,16.0,1.89,0.105,2,0,0.07009345794392523,0.05202461937155817,0.4386292834890966
202,Corn Starch Polymer,9.19,2.62,0.994,8,1,0.6635514018691588,0.1732045489951706,0.7012461059190032
203,Molded Pulp,54.09,3.62,1.259,8,0,0.8404539385847797,0.12197542000225507,0.3304850912327548
204,Biodegradable Plastic,44.65,3.38,0.996,9,0,0.664886515353805,0.14947470112305283,0.43404539385847796
205,Aluminum,29.62,1.83,1.349,7,0,0.9005340453938585,0.22007360321177655,0.2731197151757899
206,Recycled Paperboard,36.7,2.07,0.485,3,0,0.32376502002670227,0.07577639751552798,0.3704939919893191
207,Aluminum,16.08,1.09,0.184,3,0,0.12283044058744993,0.15491480996068155,0.45086782376502
208,Biodegradable Plastic,44.63,2.82,0.835,1,0,0.5574098798397864,0.009292227529309598,0.2103693813974188
209,PLA Bioplastic,51.6,3.23,1.264,4,1,0.8437917222963952,0.06296834523282999,0.49581664441477524
210,Glass,36.27,1.43,0.974,3,0,0.650200267022697,0.11517054374197233,0.23991989319092122
211,Biodegradable Plastic,38.35,4.97,0.252,3,1,0.16822429906542055,0.02441588305342258,0.7327102803738318
212,Bagasse Fiber,54.52,1.14,0.519,5,1,0.3464619492656876,0.25413533834586477,0.7280818869603917
213,Bagasse Fiber,54.13,3.73,1.188,7,0,0.7930574098798397,0.10173442030967884,0.31611036938139747
214,Bagasse Fiber,38.02,3.41,1.496,7,1,0.9986648865153538,0.11243042671614102,0.5338673787271918
215,Bagasse Fiber,48.12,4.09,1.491,3,1,0.9953271028037384,0.03230377725662393,0.4018691588785046
216,Recycled Paperboard,48.36,3.26,1.402,5,1,0.9359145527369825,0.08090647301865533,0.4923008455718736
217,Recycled Paperboard,58.94,3.77,1.424,1,1,0.9506008010680908,0.0038651004168245564,0.353093012906097
218,Molded Pulp,42.76,2.91,0.697,3,1,0.4652870493991989,0.05036818851251841,0.6138851802403203
219,Bagasse Fiber,55.6,3.41,0.621,9,1,0.4145527369826435,0.14805194805194807,0.8341789052069426
220,Recycled Paperboard,8.82,1.95,0.757,8,0,0.5053404539385847,0.23692307692307701,0.4645304850912328
221,Bagasse Fiber,34.23,2.64,0.131,4,1,0.08744993324432578,0.07977736549165122,0.798353360035603
222,PLA Bioplastic,37.13,0.62,0.387,6,1,0.2583444592790387,0.5755102040816328,0.7966622162883845
223,Recycled Paperboard,26.26,2.42,1.286,6,0,0.8584779706275033,0.13833698768763708,0.25660881174899863
224,Glass,19.37,4.81,0.947,7,0,0.6321762349799732,0.07614239042810474,0.38046283934134406
225,Recycled Paperboard,29.71,4.28,0.989,9,0,0.6602136181575434,0.11546824337211523,0.43591455273698265
226,Glass,35.12,4.7,0.835,4,0,0.5574098798397864,0.039444203213200184,0.31036938139741876
227,Aluminum,51.53,1.89,0.89,3,0,0.5941255006675568,0.08415937803692908,0.2623497997329773
228,PLA Bioplastic,49.87,3.55,0.445,6,0,0.2970627503337784,0.09040528887611385,0.48117489986648865
229,Recycled Cardboard,19.37,3.24,0.765,5,1,0.5106809078771696,0.0814814814814815,0.6623943035157989
230,Glass,59.01,1.42,0.066,7,0,0.044058744993324434,0.28715148031043414,0.6157098353360035
231,Corn Starch Polymer,56.04,1.25,0.721,4,0,0.48130841121495327,0.18210612244897964,0.34080996884735204
232,Corn Starch Polymer,23.46,1.85,0.822,6,1,0.548731642189586,0.18473248758963046,0.6805073431241656
233,Recycled Paperboard,43.75,2.92,1.248,4,1,0.8331108144192256,0.07095331283198211,0.5000890075656431
234,Bagasse Fiber,40.7,2.03,0.188,4,0,0.12550066755674233,0.1074293756911632,0.48313306631063646
235,PLA Bioplastic,16.48,2.68,0.608,5,1,0.40587449933244324,0.10106609808102346,0.7043168669336893
236,Recycled Cardboard,45.95,4.41,0.444,6,0,0.2963951935914553,0.07038733860891297,0.4814419225634179
237,Aluminum,58.77,4.1,0.398,4,1,0.2656875834445928,0.04700846192135392,0.7270582999554962
238,Recycled Cardboard,27.86,2.96,1.456,1,0,0.9719626168224299,0.00827357970215113,0.04454828660436137
239,Molded Pulp,10.04,1.32,0.665,5,0,0.44392523364485986,0.21781076066790356,0.3890965732087227
240,Recycled Cardboard,19.37,3.65,0.503,2,0,0.33578104138851805,0.02103438635728264,0.33235425011125946
241,Bagasse Fiber,17.59,4.02,0.577,8,0,0.3851802403204272,0.10862016448370397,0.5125945705384958
242,Bagasse Fiber,50.73,2.48,0.963,1,1,0.6428571428571428,0.012244897959183678,0.47619047619047616
243,Corn Starch Polymer,33.97,4.22,0.859,6,0,0.5734312416555407,0.0741077473643486,0.3706275033377837
244,PLA Bioplastic,6.8,2.26,0.3,8,1,0.20026702269692923,0.20274516886400584,0.886559857587895
245,PLA Bioplastic,46.85,4.68,1.051,9,0,0.7016021361815754,0.10455259026687601,0.41935914552736986
246,PLA Bioplastic,28.29,0.73,1.273,4,0,0.849799732977303,0.3205479452054795,0.19341344014241213
247,Molded Pulp,14.74,2.71,0.29,4,0,0.19359145527369825,0.07740040665712782,0.4558967512238541
248,Bagasse Fiber,43.57,4.43,0.953,4,0,0.6361815754339119,0.04259455475192336,0.27886070315976863
249,Recycled Paperboard,37.87,4.34,1.434,7,1,0.9572763684913217,0.08571428571428574,0.5504227859368047
250,Recycled Cardboard,20.16,4.08,0.27,3,0,0.18024032042723634,0.03241296518607443,0.42790387182910544
251,Molded Pulp,8.4,2.77,1.017,6,0,0.67890520694259,0.11931039563839979,0.328437917222964
252,Biodegradable Plastic,43.77,4.19,0.57,8,1,0.3805073431241655,0.10371633140129562,0.8144637294170005
253,Corn Starch Polymer,24.7,2.69,1.291,8,0,0.8618157543391187,0.16837872695546624,0.3219403649310192
254,Recycled Cardboard,44.78,4.31,0.35,1,0,0.2336448598130841,0.0018466783465126196,0.3398753894080997
255,Aluminum,33.98,3.88,1.23,3,0,0.8210947930574098,0.0347149168945929,0.17156208277703605
256,Biodegradable Plastic,10.22,2.42,1.388,3,0,0.9265687583444592,0.0630460448642267,0.1293724966622163
257,Molded Pulp,24.6,1.06,0.582,3,1,0.3885180240320427,0.15964574509048904,0.6445927903871829
258,Recycled Paperboard,55.05,2.64,0.797,3,1,0.5320427236315087,0.056771799628942486,0.5871829105473965
259,Aluminum,14.83,0.86,0.115,3,1,0.07676902536715621,0.19962031324157575,0.7692923898531375
260,PLA Bioplastic,15.58,4.5,0.067,6,1,0.04472630173564753,0.06873469387755103,0.8821094793057409
261,Recycled Paperboard,16.07,0.74,1.344,9,0,0.8971962616822431,0.7264202978488695,0.3411214953271028
262,Bagasse Fiber,11.72,4.28,0.684,2,0,0.4566088117489987,0.0161358001144383,0.2840231419670672
263,Molded Pulp,39.63,2.15,1.423,9,1,0.9499332443257678,0.24199335548172765,0.6200267022696928
264,Aluminum,57.25,4.65,0.826,5,0,0.5514018691588785,0.05306122448979592,0.34610591900311527
265,Glass,7.21,4.15,0.852,3,0,0.568758344459279,0.03165970002458814,0.27249666221628843
266,Bagasse Fiber,30.53,4.46,0.808,2,1,0.5393858477970628,0.014990390775144143,0.5509123275478416
267,PLA Bioplastic,8.83,1.18,0.586,7,0,0.3911882510013351,0.3480456589415428,0.47685803293279927
268,Bagasse Fiber,37.66,4.36,0.824,2,1,0.5500667556742322,0.015615053360793862,0.5466399643969738
269,Glass,37.92,4.1,1.289,7,1,0.8604806408544726,0.09144848183175712,0.5891410769915443
270,Recycled Paperboard,24.27,3.25,1.328,7,0,0.8865153538050735,0.11856828885400315,0.27872719181130395
271,Bagasse Fiber,19.41,4.31,1.447,6,1,0.9659546061415221,0.0723045598749941,0.5136181575433911
272,Aluminum,22.23,4.15,0.928,6,1,0.6194926568758344,0.07556429800835997,0.6522029372496662
273,PLA Bioplastic,54.77,1.01,1.133,1,0,0.7563417890520694,0.04788846231561932,0.1307966177125056
274,Bagasse Fiber,27.27,2.35,1.186,3,0,0.7917222963951935,0.0652887537993921,0.1833110814419226
275,Molded Pulp,43.85,4.48,0.413,8,1,0.2757009345794392,0.09620991253644316,0.8563862928348909
276,Recycled Cardboard,35.28,4.81,1.288,9,1,0.8598130841121495,0.10139590139590142,0.6560747663551402
277,Corn Starch Polymer,29.76,2.63,1.421,6,1,0.9485981308411215,0.12631333902382247,0.5205607476635513
278,Bagasse Fiber,30.46,1.71,0.835,5,1,0.5574098798397864,0.16534192624418192,0.6437027147307521
279,Aluminum,10.68,4.27,1.396,9,0,0.931909212283044,0.11576733737991687,0.32723631508678236
280,Molded Pulp,57.25,4.76,0.803,1,0,0.5360480640854473,0.0005144915108900697,0.21891410769915443
281,Aluminum,11.9,1.37,0.398,3,0,0.2656875834445928,0.1207507820646507,0.39372496662216283
282,Recycled Paperboard,12.22,0.97,0.61,1,1,0.40720961281708945,0.050368188512518425,0.5704494882064975
283,Recycled Paperboard,13.82,0.93,0.501,6,1,0.33444592790387184,0.379591836734694,0.7662216288384512
284,Glass,52.85,2.47,0.757,2,1,0.5053404539385847,0.03693299182020987,0.5645304850912328
285,Aluminum,59.29,0.99,1.312,8,0,0.8758344459279039,0.47854050711193585,0.3163328882955051
286,Glass,56.64,3.07,0.471,3,0,0.3144192256341789,0.04710496576480756,0.37423230974632843
287,Biodegradable Plastic,26.01,1.96,1.122,4,0,0.7489986648865155,0.1117034568929613,0.23373386737872714
288,Molded Pulp,31.52,0.97,1.494,4,0,0.9973297730307076,0.23820744792762474,0.1344014241210503
289,Recycled Cardboard,41.84,3.37,0.795,3,0,0.5307076101468625,0.04182159510688549,0.287716955941255
290,Aluminum,49.7,3.55,1.433,1,1,0.9566088117489987,0.004863466513365911,0.35068980863373383
291,Recycled Paperboard,55.49,3.15,0.337,1,0,0.22496662216288385,0.007035957240038872,0.3433466844681798
292,Corn Starch Polymer,9.82,2.31,0.655,6,1,0.43724966622162886,0.145507553670819,0.7251001335113484
293,Molded Pulp,12.07,4.85,0.593,1,1,0.39586114819759677,0.0002777193351567433,0.5749888740542947
294,Glass,45.45,1.41,1.445,6,1,0.9646194926568759,0.24620060790273562,0.5141522029372496
295,Aluminum,57.96,2.77,1.359,6,0,0.9072096128170895,0.11931039563839979,0.2371161548731642
296,Aluminum,36.19,1.74,0.924,4,0,0.6168224299065421,0.127375087966221,0.2866043613707165
297,Corn Starch Polymer,57.1,4.23,0.675,6,0,0.4506008010680908,0.0739036039947894,0.4197596795727636
298,Molded Pulp,52.13,1.6,0.964,7,0,0.6435246995994659,0.25346938775510214,0.37592345349354694
299,Biodegradable Plastic,43.69,0.71,0.746,7,1,0.4979973297730307,0.586547858580052,0.7341344014241211
300,Bagasse Fiber,14.91,1.14,0.646,8,0,0.43124165554072097,0.41396348012889383,0.4941700044503783
301,Glass,39.06,0.87,0.375,1,0,0.25033377837116155,0.057565095003518654,0.3331998219848687
302,Corn Starch Polymer,35.69,2.01,1.098,9,1,0.732977303070761,0.25970149253731356,0.7068090787716956
303,PLA Bioplastic,8.44,2.4,0.915,1,1,0.6108144192256342,0.013061224489795922,0.4890075656430797
304,Recycled Paperboard,29.15,3.67,0.933,4,1,0.62283044058745,0.053950953678474134,0.5842011570983533
305,Recycled Cardboard,52.3,1.08,0.608,3,1,0.40587449933244324,0.15646258503401364,0.6376502002670227
306,Molded Pulp,5.58,4.01,0.391,7,1,0.26101468624833113,0.09377576466995778,0.828927458834001
307,Molded Pulp,9.68,1.68,0.612,6,0,0.40854472630173566,0.20466472303207003,0.43658210947930576
308,Corn Starch Polymer,28.58,1.05,1.458,7,0,0.9732977303070761,0.3926530612244899,0.24401424121050289
309,Recycled Cardboard,37.31,4.91,0.751,6,0,0.5013351134846462,0.06197265056735526,0.39946595460614154
310,Recycled Paperboard,52.28,2.75,0.647,5,1,0.4319092122830441,0.0981818181818182,0.693902981753449
311,Recycled Cardboard,38.8,1.51,0.865,9,0,0.5774365821094793,0.34974996621165033,0.46902536715620824
312,Corn Starch Polymer,34.28,1.77,1.274,6,1,0.8504672897196262,0.19363542026980288,0.5598130841121495
313,Bagasse Fiber,51.0,4.92,0.365,5,1,0.24365821094793058,0.04947735191637632,0.7692033822874944
314,Bagasse Fiber,45.92,4.02,0.769,3,0,0.513351134846462,0.03307950045689918,0.2946595460614152
315,Recycled Paperboard,23.03,0.53,0.481,1,0,0.32109479305740984,0.10234886407393147,0.3048954161103694
316,Aluminum,18.46,0.54,1.107,8,1,0.7389853137516689,0.8875283446712019,0.6710725411659991
317,PLA Bioplastic,41.0,2.82,1.219,3,0,0.8137516688918559,0.052366478506296145,0.17449933244325763
318,Glass,38.48,2.29,0.748,1,1,0.4993324432576769,0.014276802424026383,0.5336003560302626
319,Recycled Paperboard,8.74,1.4,0.543,8,1,0.36248331108144194,0.33481049562682225,0.8216733422340898
320,Biodegradable Plastic,26.26,2.53,0.8,5,0,0.534045393858478,0.10778414132451403,0.35304850912327546
321,Bagasse Fiber,34.5,1.02,0.157,9,1,0.1048064085447263,0.5236494597839138,0.9580774365821094
322,Recycled Paperboard,54.11,1.3,0.567,8,1,0.37850467289719625,0.3615070643642073,0.8152647975077882
323,Bagasse Fiber,56.66,3.51,1.082,9,0,0.7222963951935915,0.14348508634222923,0.4110814419225634
324,Biodegradable Plastic,17.0,3.6,0.324,6,1,0.2162883845126836,0.0889795918367347,0.8134846461949266
325,Bagasse Fiber,35.9,1.59,0.798,8,0,0.5327102803738318,0.29333846746245673,0.4535825545171339
326,Aluminum,12.38,2.04,0.208,2,1,0.13885180240320427,0.047298919567827134,0.7111259457053849
327,Molded Pulp,43.98,4.14,0.288,6,0,0.19225634178905204,0.07577639751552798,0.5230974632843792
328,Recycled Cardboard,13.43,4.13,0.414,2,0,0.27636849132176233,0.01716657607352869,0.35611927013796174
329,Aluminum,5.14,2.98,0.74,9,0,0.4939919893190921,0.17118202985892347,0.5024032042723632
330,Bagasse Fiber,5.77,1.81,0.736,4,0,0.49132176234979974,0.12197542000225507,0.3368046283934134
331,Molded Pulp,16.97,4.92,0.295,6,0,0.19692923898531375,0.06182180189148831,0.5212283044058745
332,Molded Pulp,54.77,2.4,0.066,9,1,0.044058744993324434,0.2155102040816327,0.9823765020026702
333,PLA Bioplastic,8.48,3.65,0.535,2,1,0.35714285714285715,0.02103438635728264,0.6238095238095238
334,Recycled Cardboard,21.08,4.41,1.008,1,0,0.6728971962616822,0.0015271414688324293,0.16417445482866044
335,Recycled Paperboard,12.98,4.88,0.276,1,1,0.18424566088117492,0.00020073603211776458,0.6596350689808633
336,PLA Bioplastic,40.83,1.4,1.035,2,0,0.6909212283044058,0.07451895043731781,0.19029817534490434
337,Corn Starch Polymer,12.9,1.0,0.204,6,0,0.13618157543391188,0.3521632653061226,0.5455273698264352
338,Corn Starch Polymer,22.1,2.69,1.371,9,0,0.9152202937249666,0.1909566800697975,0.33391188251001336
339,Corn Starch Polymer,57.51,3.03,1.142,6,0,0.7623497997329772,0.10802182259042234,0.29506008010680906
340,Recycled Paperboard,55.46,0.5,1.397,3,0,0.9325767690253671,0.3521632653061226,0.12696929238985313
341,PLA Bioplastic,51.67,3.04,1.468,9,1,0.9799732977303071,0.16756176154672398,0.6080106809078771
342,Molded Pulp,33.89,1.1,0.986,3,1,0.6582109479305741,0.15339517625231913,0.5367156208277704
343,Recycled Paperboard,10.32,1.8,0.523,6,0,0.34913217623498,0.1902040816326531,0.460347129506008
344,PLA Bioplastic,13.05,4.91,0.338,5,0,0.22563417890520696,0.049603059146265435,0.4764129951045839
345,Biodegradable Plastic,27.83,4.49,1.461,4,1,0.9753004005340454,0.04186173355756557,0.4432131731197152
346,Biodegradable Plastic,33.87,4.74,0.742,3,1,0.4953271028037383,0.026194781710152413,0.6018691588785047
347,Recycled Cardboard,20.51,0.76,0.88,6,1,0.5874499332443258,0.46723952738990343,0.6650200267022697
348,Biodegradable Plastic,19.42,3.2,1.072,8,0,0.7156208277703605,0.1395918367346939,0.38041833555852245
349,Recycled Cardboard,30.13,0.82,1.1,2,0,0.7343124165554072,0.1358885017421603,0.17294170004450377
350,Bagasse Fiber,26.78,2.1,0.108,2,1,0.07209612817089453,0.04559766763848397,0.7378282153983089
351,Aluminum,45.15,3.75,0.38,3,0,0.253671562082777,0.03634285714285715,0.3985313751668892
352,Corn Starch Polymer,5.33,0.84,0.095,1,1,0.06341789052069426,0.06005830903790089,0.7079661771250557
353,PLA Bioplastic,38.75,2.43,0.205,7,0,0.13684913217623498,0.16271101033005797,0.5785936804628393
354,Recycled Cardboard,6.72,2.21,1.247,5,1,0.8324432576769026,0.12516391171853358,0.5336893635959056
355,Biodegradable Plastic,8.45,2.37,0.076,3,0,0.050734312416555405,0.06463446137948851,0.47970627503337787
356,Corn Starch Polymer,19.17,3.29,0.881,9,1,0.5881174899866489,0.1538986415234787,0.7647530040053404
357,Recycled Paperboard,37.55,3.39,1.437,7,1,0.9592790387182911,0.11316597435434352,0.5496217178460169
358,Recycled Cardboard,9.85,2.12,1.202,6,0,0.8024032042723631,0.15964574509048904,0.27903871829105475
359,Glass,52.36,4.5,0.161,9,0,0.10747663551401869,0.1092244897959184,0.6570093457943926
360,Recycled Paperboard,8.99,1.69,1.452,8,0,0.9692923898531375,0.27525661152034786,0.2789497107254117
361,Aluminum,23.08,0.79,1.084,8,1,0.7236315086782377,0.6027899767501939,0.6772140631953716
362,Corn Starch Polymer,49.58,1.14,0.996,1,1,0.664886515353805,0.041031149301826005,0.4673787271918113
363,Bagasse Fiber,56.32,1.74,0.531,7,1,0.3544726301735648,0.23209007741027451,0.7915442812639075
364,Molded Pulp,18.58,3.07,1.433,6,1,0.9566088117489987,0.10645482948879881,0.5173564753004005
365,Aluminum,35.5,1.62,0.287,7,1,0.19158878504672897,0.2501889644746788,0.8566978193146417
366,Glass,35.83,1.33,0.967,8,0,0.6455273698264352,0.35307656897345413,0.40845571873609254
367,Molded Pulp,31.25,4.77,1.258,1,1,0.8397863818424566,0.00048774226671800824,0.3974187805963507
368,Recycled Paperboard,29.74,4.79,0.571,2,1,0.3811748998664886,0.013114055643134082,0.6141967067200712
369,Recycled Paperboard,56.47,0.98,0.597,8,0,0.3985313751668892,0.48354852144939625,0.5072541165999109
370,Aluminum,26.45,3.33,1.37,7,0,0.9145527369826436,0.11542562971134403,0.2675122385402759
371,Molded Pulp,7.58,1.7,0.485,1,1,0.32376502002670227,0.023481392557022814,0.6038273253226524
372,Recycled Cardboard,19.06,0.84,1.212,4,0,0.8090787716955941,0.2769679300291546,0.2097018246550957
373,Recycled Paperboard,28.79,1.91,1.147,8,1,0.7656875834445928,0.2421412544075222,0.6603916332888295
374,Recycled Paperboard,21.18,3.47,0.962,9,1,0.6421895861148197,0.1452802446627066,0.7431241655540721
375,Glass,34.79,0.89,0.455,6,1,0.3037383177570094,0.39720247649621654,0.7785046728971962
376,Corn Starch Polymer,46.83,3.05,1.323,4,1,0.8831775700934579,0.06740715958514555,0.4800623052959502
377,Recycled Cardboard,54.87,2.82,0.402,4,0,0.2683578104138852,0.07390360399478942,0.4259902091677793
378,Glass,47.44,1.78,0.765,4,0,0.5106809078771696,0.1242375601926164,0.3290609701824655
379,Biodegradable Plastic,36.07,2.38,0.226,3,0,0.15086782376502003,0.0643114388612588,0.439652870493992
380,Aluminum,14.43,2.76,0.327,7,1,0.21829105473965288,0.1417923691215617,0.8460169114374723
381,PLA Bioplastic,28.41,2.99,0.58,4,1,0.3871829105473965,0.06900552863285783,0.6784601691143747
382,Glass,46.21,2.28,0.827,7,0,0.5520694259012016,0.1742212674543502,0.41250556297285274
383,Molded Pulp,6.81,3.69,0.6,2,0,0.40053404539385845,0.020673635307781654,0.3064530485091233
384,Molded Pulp,31.52,4.42,0.357,6,0,0.2383177570093458,0.07020038784744669,0.5046728971962617
385,Molded Pulp,33.69,3.59,1.316,8,0,0.8785046728971962,0.12309703825820024,0.3152647975077882
386,Bagasse Fiber,34.56,4.73,1.358,3,1,0.9065420560747665,0.026276049531863487,0.4373831775700934
387,Bagasse Fiber,13.97,0.54,1.235,9,1,0.8244325767690255,1.0,0.6702269692923898
388,Recycled Paperboard,40.09,2.14,0.987,6,1,0.6588785046728972,0.1580392904825482,0.6364485981308411
389,Biodegradable Plastic,17.99,3.46,0.638,1,0,0.4259012016021362,0.005308481774212577,0.2629728526924789
390,Recycled Cardboard,13.62,2.54,0.405,7,0,0.2703604806408545,0.15513417965611445,0.5251891410769916
391,Bagasse Fiber,26.37,3.96,1.039,3,0,0.6935914552736983,0.03376623376623377,0.2225634178905207
392,Recycled Cardboard,32.65,4.89,1.075,5,1,0.7176234979973297,0.04985601602604233,0.5796172674677348
393,Corn Starch Polymer,14.11,2.02,0.15,9,0,0.10013351134846461,0.2583552232774299,0.6599465954606142
394,Corn Starch Polymer,35.63,4.59,0.745,8,1,0.49732977303070763,0.09361077764439112,0.7677347574543836
395,Recycled Cardboard,49.57,3.15,0.869,6,0,0.5801068090787717,0.10344023323615163,0.3679572763684913
396,Recycled Cardboard,12.5,2.7,1.183,6,1,0.7897196261682243,0.12272108843537416,0.5841121495327103
397,PLA Bioplastic,47.64,0.61,1.426,4,0,0.951935914552737,0.38601538976246247,0.15255896751223855
398,Recycled Cardboard,59.02,1.99,0.396,6,1,0.2643524699599466,0.17087478207363352,0.7942590120160213
399,Biodegradable Plastic,56.84,3.35,1.44,7,1,0.9612817089452603,0.11466341760584832,0.5488206497552293
400,Glass,23.66,3.53,0.594,2,0,0.3965287049399199,0.022165693472856567,0.3080551846906987
401,Glass,43.12,3.33,0.418,7,0,0.27903871829105475,0.11542562971134403,0.5217178460169114
402,Glass,41.42,2.59,0.395,4,1,0.2636849132176235,0.08155385706406117,0.7278593680462839
403,Glass,50.54,1.2,0.707,1,1,0.4719626168224299,0.03836734693877552,0.5445482866043614
404,Bagasse Fiber,51.56,0.72,0.218,6,0,0.14552736982643524,0.4938775510204083,0.541789052069426
405,Biodegradable Plastic,35.53,2.76,0.676,1,0,0.4512683578104139,0.009760425909494237,0.25282599020916774
406,Glass,42.03,3.48,0.131,8,0,0.08744993324432578,0.127375087966221,0.6316866933689363
407,Recycled Paperboard,32.42,3.7,0.864,8,1,0.5767690253671562,0.11907335907335907,0.7359590565198042
408,Recycled Cardboard,5.44,3.59,1.018,5,0,0.6795727636849133,0.07234381217668127,0.2948375611927013
409,Recycled Paperboard,44.16,3.08,0.22,8,0,0.14686248331108145,0.145507553670819,0.6079216733422341
410,Recycled Cardboard,32.97,3.31,0.084,9,1,0.05607476635514019,0.15289475306739014,0.9775700934579439
411,Molded Pulp,15.48,1.44,0.819,1,0,0.5467289719626168,0.02993197278911565,0.2146417445482866
412,PLA Bioplastic,52.36,1.2,0.597,6,0,0.3985313751668892,0.29142857142857154,0.4405874499332443
413,Bagasse Fiber,49.76,0.62,0.461,2,1,0.30774365821094796,0.18367346938775517,0.6435692033822875
414,Aluminum,44.67,1.29,0.618,2,0,0.41255006675567424,0.08191741813004272,0.30164663996439695
415,Recycled Paperboard,8.32,4.89,0.621,2,1,0.4145527369826435,0.012595467634906725,0.6008455718736092
416,Molded Pulp,5.59,1.69,0.817,9,1,0.5453938584779706,0.3111943002052893,0.7818424566088118
417,Aluminum,59.05,0.99,0.214,1,1,0.14285714285714285,0.04910327767470626,0.6761904761904762
418,Corn Starch Polymer,38.46,3.7,0.276,8,0,0.18424566088117492,0.11907335907335907,0.5929684023141968
419,PLA Bioplastic,5.07,2.91,0.266,2,1,0.17757009345794394,0.02949715968861772,0.6956386292834891
420,Bagasse Fiber,30.91,4.03,0.581,9,1,0.3878504672897196,0.12339089481946626,0.8448598130841121
421,PLA Bioplastic,34.64,2.39,0.635,2,0,0.4238985313751669,0.03857911365382974,0.29710725411659994
422,PLA Bioplastic,35.87,3.98,0.209,4,1,0.13951935914552738,0.04879499538508871,0.7775255896751223
423,Biodegradable Plastic,55.72,0.97,0.506,4,0,0.3377837116154873,0.23820744792762474,0.39821984868713844
424,PLA Bioplastic,40.8,3.92,0.51,1,1,0.34045393858477974,0.003248646397334444,0.5971517578994214
425,PLA Bioplastic,8.49,2.78,0.055,9,1,0.036715620827770364,0.18437821171634128,0.9853137516688919
426,Glass,21.78,1.91,0.635,1,1,0.4238985313751669,0.01955337108665456,0.5637739207832666
427,Corn Starch Polymer,32.04,4.61,0.664,7,1,0.44325767690253676,0.07997697994599143,0.7560302625723188
428,Glass,27.64,2.41,1.257,6,1,0.8391188251001335,0.13896180878990602,0.5643524699599466
429,Recycled Paperboard,22.48,3.93,0.197,3,1,0.1315086782376502,0.034117463779404895,0.7473965287049399
430,Bagasse Fiber,31.86,3.33,0.163,4,1,0.10881174899866489,0.06070968928111786,0.7898086337338674
431,Glass,8.45,3.83,0.353,4,1,0.2356475300400534,0.05118559173016465,0.739074321317312
432,Recycled Paperboard,11.23,4.2,1.267,5,0,0.8457943925233644,0.06005830903790089,0.2283489096573209
433,Bagasse Fiber,57.19,1.78,0.85,6,1,0.5674232309746329,0.19247878926851641,0.6730307076101468
434,Recycled Cardboard,46.35,4.88,1.281,8,0,0.8551401869158878,0.08732017397122785,0.32461059190031155
435,Bagasse Fiber,10.58,2.44,1.288,3,1,0.8598130841121495,0.06242890598862497,0.45607476635514016
436,Aluminum,37.17,1.03,0.216,5,1,0.14419225634178906,0.2825837130968893,0.808989764129951
437,Bagasse Fiber,54.91,1.49,0.591,2,1,0.39452603471295056,0.06927818107108617,0.6088562527814865
438,Bagasse Fiber,40.38,1.47,0.443,5,1,0.29572763684913217,0.19433569346105795,0.7483756119270137
439,Molded Pulp,41.55,2.23,0.76,6,1,0.507343124165554,0.15116683444678325,0.6970627503337784
440,Molded Pulp,17.38,4.69,0.499,3,0,0.33311081441922563,0.026604586397458767,0.36675567423230976
441,Aluminum,9.48,1.8,1.347,1,0,0.8991989319092123,0.021496598639455786,0.07365376056964842
442,Biodegradable Plastic,10.0,1.78,0.814,3,1,0.5433911882510013,0.09011694565466637,0.5826435246995995
443,Molded Pulp,5.21,2.72,1.473,9,1,0.9833110814419226,0.1887154861944778,0.6066755674232309
444,Glass,57.66,0.8,1.218,2,0,0.8130841121495327,0.1395918367346939,0.14143302180685358
445,Glass,8.56,3.19,1.278,6,1,0.8531375166889186,0.10198963597978379,0.5587449933244325
446,Bagasse Fiber,47.07,4.08,1.2,7,0,0.8010680907877169,0.09195678271308524,0.31290609701824657
447,PLA Bioplastic,35.02,0.52,1.371,7,1,0.9152202937249666,0.8053375196232341,0.5672452158433468
448,Recycled Paperboard,32.49,0.66,0.892,3,0,0.595460614152203,0.26382189239332104,0.2618157543391188
449,Glass,9.82,3.58,1.052,3,1,0.7022696929238985,0.0386500969102725,0.5190921228304406
450,Glass,5.72,3.64,1.02,7,1,0.6809078771695595,0.104552590266876,0.6609701824655095
451,Bagasse Fiber,8.57,4.36,1.385,1,1,0.92456608811749,0.0016850777008050911,0.36350689808633735
452,Corn Starch Polymer,5.51,2.39,0.606,3,0,0.40453938584779703,0.06399111946033645,0.3381842456608812
453,Bagasse Fiber,58.47,1.3,0.331,8,1,0.22096128170894527,0.3615070643642073,0.8782821539830885
454,Recycled Cardboard,13.19,4.27,0.162,8,0,0.1081441922563418,0.10154375567557236,0.62340898976413
455,Biodegradable Plastic,37.98,0.63,1.147,5,1,0.7656875834445928,0.4697764820213801,0.5603916332888296
456,Glass,27.65,0.95,0.868,8,0,0.5794392523364486,0.49920515574650925,0.43489096573208724
457,Molded Pulp,45.58,4.34,1.449,6,1,0.9672897196261683,0.07172011661807581,0.5130841121495326
458,Bagasse Fiber,40.01,3.66,0.98,3,0,0.6542056074766355,0.03753763800602209,0.23831775700934582
459,Glass,55.65,2.67,0.686,5,1,0.4579439252336449,0.10149048383398306,0.6834890965732087
460,Bagasse Fiber,42.08,2.27,0.881,5,0,0.5881174899866489,0.12153196080194194,0.33141967067200706
461,PLA Bioplastic,17.56,4.49,0.953,4,0,0.6361815754339119,0.04186173355756557,0.27886070315976863
462,Molded Pulp,28.99,2.51,0.765,3,1,0.5106809078771696,0.06034636962354664,0.5957276368491322
463,Corn Starch Polymer,33.11,2.0,1.498,1,1,1.0,0.018122448979591838,0.3333333333333333
464,Recycled Paperboard,58.44,3.09,1.405,9,0,0.937917222963952,0.16465226867446012,0.3248331108144192
465,Biodegradable Plastic,5.14,1.55,0.788,8,1,0.5260347129506008,0.3012244897959184,0.7562527814864264
466,Corn Starch Polymer,8.57,3.83,1.086,6,0,0.7249666221628839,0.08290083657483883,0.3100133511348464
467,Bagasse Fiber,51.56,2.95,0.441,6,0,0.29439252336448596,0.11128329297820826,0.4822429906542056
468,Recycled Paperboard,57.0,3.79,0.85,9,1,0.5674232309746329,0.1319799687685101,0.7730307076101468
469,Recycled Paperboard,47.13,3.21,0.974,4,0,0.650200267022697,0.06343696357047493,0.27325322652425454
470,Biodegradable Plastic,40.81,4.98,0.833,5,0,0.5560747663551402,0.048733710351610525,0.3442367601246106
471,Molded Pulp,49.83,1.5,0.881,4,0,0.5881174899866489,0.14971428571428574,0.29808633733867373
472,PLA Bioplastic,5.13,3.99,1.242,7,0,0.829105473965287,0.09430719656283568,0.30169114374721856
473,PLA Bioplastic,18.91,4.56,1.368,4,1,0.9132176234979974,0.041031149301826005,0.4680462839341344
474,Aluminum,23.16,1.47,0.891,8,1,0.5947930574098799,0.3182840483132029,0.7287494437027147
475,Aluminum,10.54,3.18,0.749,3,0,0.5,0.045051983057373894,0.3
476,Recycled Paperboard,40.48,2.13,1.139,9,1,0.760347129506008,0.2443805691290602,0.6958611481975967
477,Biodegradable Plastic,50.39,4.62,0.367,3,1,0.24499332443257676,0.02719321494831699,0.7020026702269693
478,Recycled Paperboard,24.54,4.15,0.53,8,1,0.3538050734312417,0.1048340299975412,0.82514463729417
479,Corn Starch Polymer,16.9,4.7,0.511,5,1,0.3411214953271028,0.052366478506296145,0.7302180685358255
480,Recycled Cardboard,31.15,2.75,0.968,9,1,0.6461949265687583,0.1865231910946197,0.7415220293724967
481,Bagasse Fiber,17.29,1.82,0.073,8,0,0.04873164218958611,0.254720789414667,0.6471740097908323
482,Molded Pulp,25.2,4.58,1.497,3,0,0.999332443257677,0.027537652615631406,0.10026702269692919
483,Recycled Cardboard,45.64,2.15,0.849,1,1,0.5667556742323098,0.016003796867584248,0.5066310636404094
484,Aluminum,30.34,2.33,0.3,3,1,0.20026702269692923,0.06595427870719105,0.7198931909212284
485,Glass,8.92,1.15,0.289,8,0,0.19292389853137515,0.4102573203194323,0.5894971072541166
486,Recycled Paperboard,23.43,4.49,0.381,1,1,0.25433911882510013,0.0012817599200036346,0.6315976858032933
487,Bagasse Fiber,38.55,3.49,0.277,2,0,0.18491321762349802,0.022560084205602012,0.3927013796172675
488,Molded Pulp,43.63,1.33,1.319,9,0,0.8805073431241656,0.39874175234003384,0.3477970627503338
489,Biodegradable Plastic,52.84,3.13,0.802,7,1,0.5353805073431241,0.123583490904349,0.7191811303960837
490,Aluminum,5.3,2.53,0.517,7,1,0.3451268357810414,0.1557957570379931,0.7952825990209167
491,Aluminum,21.43,4.72,0.409,3,0,0.27303070761014686,0.026357661708751305,0.3907877169559413
492,Recycled Paperboard,46.2,2.4,0.806,8,1,0.5380507343124166,0.19020408163265312,0.7514463729417
493,Corn Starch Polymer,52.48,2.47,0.997,8,0,0.6655540720961282,0.18446666115839053,0.4004450378282154
494,PLA Bioplastic,54.32,4.11,1.342,6,0,0.8958611481975969,0.07641888872337257,0.24165554072096124
495,PLA Bioplastic,26.96,0.57,1.163,3,0,0.7763684913217623,0.3074113856068744,0.18945260347129506
496,Bagasse Fiber,29.1,4.17,0.585,8,1,0.390520694259012,0.10427250036705332,0.8104583889630619
497,Biodegradable Plastic,26.29,4.76,0.558,1,1,0.3724966622162884,0.0005144915108900697,0.5843346684468179
498,PLA Bioplastic,17.38,2.3,0.67,1,1,0.44726301735647533,0.014161490683229819,0.5544281263907432
499,Molded Pulp,13.12,4.59,0.074,8,1,0.04939919893190921,0.09361077764439112,0.9469069870939029
500,Aluminum,5.14,0.93,0.37,4,1,0.24699599465954605,0.24897959183673476,0.734534935469515
